Datum;Delta (seit der ersten Buchung);Risikobehafteter Portfolioteil (Weltportfolio);Investiertes Kapital (seit der ersten Buchung);Einlagen / Entnahmen;Gesamtsumme
2019-08-04;825,60;7.547,90;10.500,00;0,00;11.325,60
2019-08-05;649,36;7.355,97;10.500,00;0,00;11.149,36
2019-08-06;630,65;7.332,94;10.500,00;0,00;11.130,65
2019-08-07;625,76;7.310,89;10.500,00;0,00;11.125,76
2019-08-08;766,79;7.464,88;10.500,00;0,00;11.266,79
2019-08-09;710,00;7.422,13;10.500,00;0,00;11.210,00
2019-08-10;710,00;7.422,13;10.500,00;0,00;11.210,00
2019-08-11;710,00;7.422,13;10.500,00;0,00;11.210,00
2019-08-12;678,70;7.377,57;10.500,00;0,00;11.178,70
2019-08-13;772,29;7.456,52;10.500,00;0,00;11.272,29
2019-08-14;676,52;7.344,91;10.500,00;0,00;11.176,52
2019-08-15;706,06;7.354,89;10.500,00;0,00;11.206,06
2019-08-16;765,87;7.421,18;10.500,00;0,00;11.265,87
2019-08-17;765,87;7.421,18;10.500,00;0,00;11.265,87
2019-08-18;765,87;7.421,18;10.500,00;0,00;11.265,87
2019-08-19;805,79;7.478,26;10.500,00;0,00;11.305,79
2019-08-20;797,34;7.454,69;10.500,00;0,00;11.297,34
2019-08-21;837,62;7.496,89;10.500,00;0,00;11.337,62
2019-08-22;795,48;7.462,79;10.500,00;0,00;11.295,48
2019-08-23;689,28;7.353,11;10.500,00;0,00;11.189,28
2019-08-24;689,28;7.353,11;10.500,00;0,00;11.189,28
2019-08-25;689,28;7.353,11;10.500,00;0,00;11.189,28
2019-08-26;721,56;7.385,51;10.500,00;0,00;11.221,56
2019-08-27;770,57;7.413,88;10.500,00;0,00;11.270,57
2019-08-28;801,15;7.431,98;10.500,00;0,00;11.301,15
2019-08-29;884,98;7.517,49;10.500,00;0,00;11.384,98
2019-08-30;931,36;7.569,27;10.500,00;0,00;11.431,36
2019-08-31;931,36;7.569,27;10.500,00;0,00;11.431,36
2019-09-01;931,36;7.569,27;10.500,00;0,00;11.431,36
2019-09-02;932,39;7.573,42;10.500,00;0,00;11.432,39
2019-09-03;932,61;7.560,20;10.500,00;0,00;11.432,61
2019-09-04;987,99;7.623,02;10.500,00;0,00;11.487,99
2019-09-05;1.032,64;7.696,47;10.500,00;0,00;11.532,64
2019-09-06;1.054,97;7.703,80;10.500,00;0,00;11.554,97
2019-09-07;1.054,97;7.703,80;10.500,00;0,00;11.554,97
2019-09-08;1.054,97;7.703,80;10.500,00;0,00;11.554,97
2019-09-09;1.052,77;7.718,40;10.500,00;0,00;11.552,77
2019-09-10;1.026,46;7.703,37;10.500,00;0,00;11.526,46
2019-09-11;1.116,95;7.788,46;10.500,00;0,00;11.616,95
2019-09-12;1.094,84;7.757,89;10.500,00;0,00;11.594,84
2019-09-13;1.094,36;7.774,33;10.500,00;0,00;11.594,36
2019-09-14;1.094,36;7.774,33;10.500,00;0,00;11.594,36
2019-09-15;1.094,36;7.774,33;10.500,00;0,00;11.594,36
2019-09-16;1.154,58;7.827,83;10.500,00;0,00;11.654,58
2019-09-17;1.083,88;7.765,29;10.500,00;0,00;11.583,88
2019-09-18;1.077,25;7.745,58;10.500,00;0,00;11.577,25
2019-09-19;1.121,44;7.789,53;10.500,00;0,00;11.621,44
2019-09-20;1.139,92;7.806,69;10.500,00;0,00;11.639,92
2019-09-21;1.139,92;7.806,69;10.500,00;0,00;11.639,92
2019-09-22;1.139,92;7.806,69;10.500,00;0,00;11.639,92
2019-09-23;1.133,74;7.781,19;10.500,00;0,00;11.633,74
2019-09-24;1.112,33;7.754,62;10.500,00;0,00;11.612,33
2019-09-25;1.094,89;7.739,34;10.500,00;0,00;11.594,89
2019-09-26;1.111,82;7.754,47;10.500,00;0,00;11.611,82
2019-09-27;1.141,49;7.768,30;10.500,00;0,00;11.641,49
2019-09-28;1.141,49;7.768,30;10.500,00;0,00;11.641,49
2019-09-29;1.141,49;7.768,30;10.500,00;0,00;11.641,49
2019-09-30;1.136,85;7.765,58;10.500,00;0,00;11.636,85
2019-10-01;1.066,00;7.701,45;10.500,00;0,00;11.566,00
2019-10-02;910,37;7.550,62;10.500,00;0,00;11.410,37
2019-10-03;910,37;7.550,62;10.500,00;0,00;11.410,37
2019-10-04;1.008,92;7.638,13;10.500,00;0,00;11.508,92
2019-10-05;1.008,92;7.638,13;10.500,00;0,00;11.508,92
2019-10-06;1.008,92;7.638,13;10.500,00;0,00;11.508,92
2019-10-07;1.020,39;7.652,48;10.500,00;0,00;11.520,39
2019-10-08;962,27;7.591,48;10.500,00;0,00;11.462,27
2019-10-09;980,82;7.618,07;10.500,00;0,00;11.480,82
2019-10-10;998,73;7.655,30;10.500,00;0,00;11.498,73
2019-10-11;1.103,50;7.766,07;10.500,00;0,00;11.603,50
2019-10-12;1.103,50;7.766,07;10.500,00;0,00;11.603,50
2019-10-13;1.103,50;7.766,07;10.500,00;0,00;11.603,50
2019-10-14;1.075,46;7.730,47;10.500,00;0,00;11.575,46
2019-10-15;1.110,29;7.768,54;10.500,00;0,00;11.610,29
2019-10-16;1.086,14;7.751,23;10.500,00;0,00;11.586,14
2019-10-17;1.069,03;7.731,84;10.500,00;0,00;11.569,03
2019-10-18;1.037,41;7.706,82;10.500,00;0,00;11.537,41
2019-10-19;1.037,41;7.706,82;10.500,00;0,00;11.537,41
2019-10-20;1.037,41;7.706,82;10.500,00;0,00;11.537,41
2019-10-21;1.045,32;7.723,97;10.500,00;0,00;11.545,32
2019-10-22;1.087,64;7.757,53;10.500,00;0,00;11.587,64
2019-10-23;1.098,73;7.763,82;10.500,00;0,00;11.598,73
2019-10-24;1.151,45;7.814,86;10.500,00;0,00;11.651,45
2019-10-25;1.174,74;7.844,15;10.500,00;0,00;11.674,74
2019-10-26;1.174,74;7.844,15;10.500,00;0,00;11.674,74
2019-10-27;1.174,74;7.844,15;10.500,00;0,00;11.674,74
2019-10-28;1.184,34;7.865,99;10.500,00;0,00;11.684,34
2019-10-29;1.179,86;7.855,75;10.500,00;0,00;11.679,86
2019-10-30;1.162,15;7.837,68;10.500,00;0,00;11.662,15
2019-10-31;1.124,45;7.788,22;10.500,00;0,00;11.624,45
2019-11-01;1.187,55;7.862,36;10.500,00;0,00;11.687,55
2019-11-02;1.187,55;7.862,36;10.500,00;0,00;11.687,55
2019-11-03;1.187,55;7.862,36;10.500,00;0,00;11.687,55
2019-11-04;1.281,06;7.961,03;10.500,00;0,00;11.781,06
2019-11-05;1.331,12;8.015,17;10.500,00;0,00;11.831,12
2019-11-06;1.332,46;8.014,59;10.500,00;0,00;11.832,46
2019-11-07;1.357,21;8.060,34;10.500,00;0,00;11.857,21
2019-11-08;1.336,17;8.031,38;10.500,00;0,00;11.836,17
2019-11-09;1.336,17;8.031,38;10.500,00;0,00;11.836,17
2019-11-10;1.336,17;8.031,38;10.500,00;0,00;11.836,17
2019-11-11;1.271,26;7.983,03;10.500,00;0,00;11.771,26
2019-11-12;1.301,51;8.009,44;10.500,00;0,00;11.801,51
2019-11-13;1.272,66;7.973,99;10.500,00;0,00;11.772,66
2019-11-14;1.256,23;7.951,73;10.500,00;0,00;11.756,23
2019-11-15;1.294,94;7.987,92;10.500,00;0,00;11.794,94
2019-11-16;1.294,94;7.987,92;10.500,00;0,00;11.794,94
2019-11-17;1.294,94;7.987,92;10.500,00;0,00;11.794,94
2019-11-18;1.269,83;7.957,41;10.500,00;0,00;11.769,83
2019-11-19;1.257,73;7.947,35;10.500,00;0,00;11.757,73
2019-11-20;1.261,80;7.948,06;10.500,00;0,00;11.761,80
2019-11-21;1.218,69;7.909,87;10.500,00;0,00;11.718,69
2019-11-22;1.264,83;7.949,65;10.500,00;0,00;11.764,83
2019-11-23;1.264,83;7.949,65;10.500,00;0,00;11.764,83
2019-11-24;1.264,83;7.949,65;10.500,00;0,00;11.764,83
2019-11-25;1.336,81;8.017,79;10.500,00;0,00;11.836,81
2019-11-26;1.323,28;8.003,78;10.500,00;0,00;11.823,28
2019-11-27;1.349,61;8.032,63;10.500,00;0,00;11.849,61
2019-11-28;1.335,16;8.021,54;10.500,00;0,00;11.835,16
2019-11-29;1.273,01;7.959,75;10.500,00;0,00;11.773,01
2019-11-30;1.273,01;7.959,75;10.500,00;0,00;11.773,01
2019-12-01;1.273,01;7.959,75;10.500,00;0,00;11.773,01
2019-12-02;1.157,19;7.862,05;10.500,00;0,00;11.657,19
2019-12-03;1.123,04;7.810,50;10.500,00;0,00;11.623,04
2019-12-04;1.204,17;7.899,31;10.500,00;0,00;11.704,17
2019-12-05;1.189,84;7.894,46;10.500,00;0,00;11.689,84
2019-12-06;1.283,08;7.991,06;10.500,00;0,00;11.783,08
2019-12-07;1.283,08;7.991,06;10.500,00;0,00;11.783,08
2019-12-08;1.283,08;7.991,06;10.500,00;0,00;11.783,08
2019-12-09;1.271,02;7.969,28;10.500,00;0,00;11.771,02
2019-12-10;1.257,23;7.955,85;10.500,00;0,00;11.757,23
2019-12-11;1.282,63;7.973,57;10.500,00;0,00;11.782,63
2019-12-12;1.328,68;8.030,06;10.500,00;0,00;11.828,68
2019-12-13;1.366,49;8.056,11;10.500,00;0,00;11.866,49
2019-12-14;1.366,49;8.056,11;10.500,00;0,00;11.866,49
2019-12-15;1.366,49;8.056,11;10.500,00;0,00;11.866,49
2019-12-16;1.447,32;8.139,94;10.500,00;0,00;11.947,32
2019-12-17;1.451,11;8.137,49;10.500,00;0,00;11.951,11
2019-12-18;1.470,91;8.163,71;10.500,00;0,00;11.970,91
2019-12-19;1.479,02;8.176,26;10.500,00;0,00;11.979,02
2019-12-20;1.544,04;8.240,68;10.500,00;0,00;12.044,04
2019-12-21;1.544,04;8.240,68;10.500,00;0,00;12.044,04
2019-12-22;1.544,04;8.240,68;10.500,00;0,00;12.044,04
2019-12-23;1.528,13;8.226,45;10.500,00;0,00;12.028,13
2019-12-24;1.528,13;8.226,45;10.500,00;0,00;12.028,13
2019-12-25;1.528,13;8.226,45;10.500,00;0,00;12.028,13
2019-12-26;1.528,13;8.226,45;10.500,00;0,00;12.028,13
2019-12-27;1.551,43;8.244,71;10.500,00;0,00;12.051,43
2019-12-28;1.551,43;8.244,71;10.500,00;0,00;12.051,43
2019-12-29;1.551,43;8.244,71;10.500,00;0,00;12.051,43
2019-12-30;1.522,89;8.227,69;10.500,00;0,00;12.022,89
2019-12-31;1.522,89;8.227,69;10.500,00;0,00;12.022,89
2020-01-01;1.522,89;8.227,69;10.500,00;0,00;12.022,89
2020-01-02;1.543,43;8.245,71;10.500,00;0,00;12.043,43
2020-01-03;1.552,25;8.239,65;10.500,00;0,00;12.052,25
2020-01-04;1.552,25;8.239,65;10.500,00;0,00;12.052,25
2020-01-05;1.552,25;8.239,65;10.500,00;0,00;12.052,25
2020-01-06;1.517,97;8.207,89;10.500,00;0,00;12.017,97
2020-01-07;1.555,37;8.247,45;10.500,00;0,00;12.055,37
2020-01-08;1.568,11;8.264,15;10.500,00;0,00;12.068,11
2020-01-09;1.616,00;8.311,68;10.500,00;0,00;12.116,00
2020-01-10;1.627,91;8.320,59;10.500,00;0,00;12.127,91
2020-01-11;1.627,91;8.320,59;10.500,00;0,00;12.127,91
2020-01-12;1.627,91;8.320,59;10.500,00;0,00;12.127,91
2020-01-13;1.617,52;8.321,48;10.500,00;0,00;12.117,52
2020-01-14;1.642,06;8.340,74;10.500,00;0,00;12.142,06
2020-01-15;1.623,49;8.316,17;10.500,00;0,00;12.123,49
2020-01-16;1.641,81;8.346,25;10.500,00;0,00;12.141,81
2020-01-17;1.698,34;8.400,26;10.500,00;0,00;12.198,34
2020-01-18;1.698,34;8.400,26;10.500,00;0,00;12.198,34
2020-01-19;1.698,34;8.400,26;10.500,00;0,00;12.198,34
2020-01-20;1.703,20;8.403,08;10.500,00;0,00;12.203,20
2020-01-21;1.648,66;8.342,78;10.500,00;0,00;12.148,66
2020-01-22;1.667,21;8.351,85;10.500,00;0,00;12.167,21
2020-01-23;1.616,91;8.294,83;10.500,00;0,00;12.116,91
2020-01-24;1.653,13;8.319,29;10.500,00;0,00;12.153,13
2020-01-25;1.653,13;8.319,29;10.500,00;0,00;12.153,13
2020-01-26;1.653,13;8.319,29;10.500,00;0,00;12.153,13
2020-01-27;1.458,63;8.111,11;10.500,00;0,00;11.958,63
2020-01-28;1.522,76;8.179,44;10.500,00;0,00;12.022,76
2020-01-29;1.548,47;8.196,63;10.500,00;0,00;12.048,47
2020-01-30;1.434,46;8.075,78;10.500,00;0,00;11.934,46
2020-01-31;1.338,57;7.972,09;10.500,00;0,00;11.838,57
2020-02-01;1.338,57;7.972,09;10.500,00;0,00;11.838,57
2020-02-02;1.338,57;7.972,09;10.500,00;0,00;11.838,57
2020-02-03;1.363,63;8.002,31;10.500,00;0,00;11.863,63
2020-02-04;1.528,18;8.171,90;10.500,00;0,00;12.028,18
2020-02-05;1.583,99;8.235,15;10.500,00;0,00;12.083,99
2020-02-06;1.629,09;8.281,69;10.500,00;0,00;12.129,09
2020-02-07;1.602,78;8.251,42;10.500,00;0,00;12.102,78
2020-02-08;1.602,78;8.251,42;10.500,00;0,00;12.102,78
2020-02-09;1.602,78;8.251,42;10.500,00;0,00;12.102,78
2020-02-10;1.627,47;8.270,11;10.500,00;0,00;12.127,47
2020-02-11;1.695,40;8.341,16;10.500,00;0,00;12.195,40
2020-02-12;1.770,52;8.414,36;10.500,00;0,00;12.270,52
2020-02-13;1.786,52;8.426,16;10.500,00;0,00;12.286,52
2020-02-14;1.785,32;8.424,12;10.500,00;0,00;12.285,32
2020-02-15;1.785,32;8.424,12;10.500,00;0,00;12.285,32
2020-02-16;1.785,32;8.424,12;10.500,00;0,00;12.285,32
2020-02-17;1.819,86;8.458,06;10.500,00;0,00;12.319,86
2020-02-18;1.764,30;8.401,90;10.500,00;0,00;12.264,30
2020-02-19;1.852,16;8.487,48;10.500,00;0,00;12.352,16
2020-02-20;1.771,90;8.395,38;10.500,00;0,00;12.271,90
2020-02-21;1.719,47;8.340,55;10.500,00;0,00;12.219,47
2020-02-22;1.719,47;8.340,55;10.500,00;0,00;12.219,47
2020-02-23;1.719,47;8.340,55;10.500,00;0,00;12.219,47
2020-02-24;1.489,92;8.108,96;10.500,00;0,00;11.989,92
2020-02-25;1.366,91;7.983,67;10.500,00;0,00;11.866,91
2020-02-26;1.353,31;7.975,95;10.500,00;0,00;11.853,31
2020-02-27;1.055,55;7.685,27;10.500,00;0,00;11.555,55
2020-02-28;808,37;7.427,53;10.500,00;0,00;11.308,37
2020-02-29;808,37;7.427,53;10.500,00;0,00;11.308,37
2020-03-01;808,37;7.427,53;10.500,00;0,00;11.308,37
2020-03-02;938,36;7.552,48;10.500,00;0,00;11.438,36
2020-03-03;986,31;7.579,91;10.500,00;0,00;11.486,31
2020-03-04;1.045,66;7.642,14;10.500,00;0,00;11.545,66
2020-03-05;980,40;7.577,00;10.500,00;0,00;11.480,40
2020-03-06;671,02;7.260,06;10.500,00;0,00;11.171,02
2020-03-07;671,02;7.260,06;10.500,00;0,00;11.171,02
2020-03-08;671,02;7.260,06;10.500,00;0,00;11.171,02
2020-03-09;242,44;6.834,96;10.500,00;0,00;10.742,44
2020-03-10;313,33;6.913,17;10.500,00;0,00;10.813,33
2020-03-11;318,99;6.914,87;10.500,00;0,00;10.818,99
2020-03-12;-409,10;6.214,50;10.500,00;0,00;10.090,90
2020-03-13;-310,63;6.388,09;10.500,00;0,00;10.189,37
2020-03-14;-310,63;6.388,09;10.500,00;0,00;10.189,37
2020-03-15;-310,63;6.388,09;10.500,00;0,00;10.189,37
2020-03-16;-647,57;6.114,76;10.500,00;0,00;9.852,43
2020-03-17;-513,28;6.207,17;10.500,00;0,00;9.986,72
2020-03-18;-858,37;5.945,36;10.500,00;0,00;9.641,63
2020-03-19;-633,23;6.085,06;10.500,00;0,00;9.866,77
2020-03-20;-502,27;6.187,10;10.500,00;0,00;9.997,73
2020-03-21;-502,27;6.187,10;10.500,00;0,00;9.997,73
2020-03-22;-502,27;6.187,10;10.500,00;0,00;9.997,73
2020-03-23;-781,00;5.904,41;10.500,00;0,00;9.719,00
2020-03-24;-405,13;6.322,52;10.500,00;0,00;10.094,87
2020-03-25;-246,54;6.461,31;10.500,00;0,00;10.253,46
2020-03-26;-139,66;6.531,95;10.500,00;0,00;10.360,34
2020-03-27;-336,65;6.328,84;10.500,00;0,00;10.163,35
2020-03-28;-336,65;6.328,84;10.500,00;0,00;10.163,35
2020-03-29;-336,65;6.328,84;10.500,00;0,00;10.163,35
2020-03-30;-258,00;6.404,49;10.500,00;0,00;10.242,00
2020-03-31;-182,40;6.513,21;10.500,00;0,00;10.317,60
2020-04-01;-416,01;6.293,04;10.500,00;0,00;10.083,99
2020-04-02;-282,93;6.393,00;10.500,00;0,00;10.217,07
2020-04-03;-335,37;6.367,20;10.500,00;0,00;10.164,63
2020-04-04;-335,37;6.367,20;10.500,00;0,00;10.164,63
2020-04-05;-335,37;6.367,20;10.500,00;0,00;10.164,63
2020-04-06;-87,15;6.601,26;10.500,00;0,00;10.412,85
2020-04-07;26,54;6.748,67;10.500,00;0,00;10.526,54
2020-04-08;10,69;6.726,22;10.500,00;0,00;10.510,69
2020-04-09;95,60;6.809,09;10.500,00;0,00;10.595,60
2020-04-10;95,60;6.809,09;10.500,00;0,00;10.595,60
2020-04-11;95,60;6.809,09;10.500,00;0,00;10.595,60
2020-04-12;95,60;6.809,09;10.500,00;0,00;10.595,60
2020-04-13;95,60;6.809,09;10.500,00;0,00;10.595,60
2020-04-14;104,57;6.829,94;10.500,00;0,00;10.604,57
2020-04-15;-16,44;6.700,41;10.500,00;0,00;10.483,56
2020-04-16;76,37;6.778,34;10.500,00;0,00;10.576,37
2020-04-17;149,64;6.857,25;10.500,00;0,00;10.649,64
2020-04-18;149,64;6.857,25;10.500,00;0,00;10.649,64
2020-04-19;149,64;6.857,25;10.500,00;0,00;10.649,64
2020-04-20;167,70;6.894,03;10.500,00;0,00;10.667,70
2020-04-21;-97,62;6.632,55;10.500,00;0,00;10.402,38
2020-04-22;46,03;6.786,64;10.500,00;0,00;10.546,03
2020-04-23;131,65;6.863,86;10.500,00;0,00;10.631,65
2020-04-24;66,30;6.781,23;10.500,00;0,00;10.566,30
2020-04-25;66,30;6.781,23;10.500,00;0,00;10.566,30
2020-04-26;66,30;6.781,23;10.500,00;0,00;10.566,30
2020-04-27;163,99;6.871,72;10.500,00;0,00;10.663,99
2020-04-28;235,70;6.938,27;10.500,00;0,00;10.735,70
2020-04-29;337,72;7.035,25;10.500,00;0,00;10.837,72
2020-04-30;276,75;6.949,08;10.500,00;0,00;10.776,75
2020-05-01;276,75;6.949,08;10.500,00;0,00;10.776,75
2020-05-02;276,75;6.949,08;10.500,00;0,00;10.776,75
2020-05-03;276,75;6.949,08;10.500,00;0,00;10.776,75
2020-05-04;71,24;6.753,53;10.500,00;0,00;10.571,24
2020-05-05;253,70;6.940,43;10.500,00;0,00;10.753,70
2020-05-06;195,12;6.901,89;10.500,00;0,00;10.695,12
2020-05-07;291,44;6.979,37;10.500,00;0,00;10.791,44
2020-05-08;332,93;7.029,98;10.500,00;0,00;10.832,93
2020-05-09;332,93;7.029,98;10.500,00;0,00;10.832,93
2020-05-10;332,93;7.029,98;10.500,00;0,00;10.832,93
2020-05-11;321,79;7.028,92;10.500,00;0,00;10.821,79
2020-05-12;327,82;7.023,50;10.500,00;0,00;10.827,82
2020-05-13;229,87;6.909,83;10.500,00;0,00;10.729,87
2020-05-14;157,39;6.842,27;10.500,00;0,00;10.657,39
2020-05-15;164,75;6.850,95;10.500,00;0,00;10.664,75
2020-05-16;164,75;6.850,95;10.500,00;0,00;10.664,75
2020-05-17;164,75;6.850,95;10.500,00;0,00;10.664,75
2020-05-18;387,55;7.078,43;10.500,00;0,00;10.887,55
2020-05-19;375,37;7.054,73;10.500,00;0,00;10.875,37
2020-05-20;404,16;7.084,00;10.500,00;0,00;10.904,16
2020-05-21;332,35;7.008,47;10.500,00;0,00;10.832,35
2020-05-22;310,38;6.984,82;10.500,00;0,00;10.810,38
2020-05-23;310,38;6.984,82;10.500,00;0,00;10.810,38
2020-05-24;310,38;6.984,82;10.500,00;0,00;10.810,38
2020-05-25;421,73;7.093,05;10.500,00;0,00;10.921,73
2020-05-26;427,39;7.105,67;10.500,00;0,00;10.927,39
2020-05-27;400,50;7.074,34;10.500,00;0,00;10.900,50
2020-05-28;451,56;7.116,88;10.500,00;0,00;10.951,56
2020-05-29;356,77;7.016,21;10.500,00;0,00;10.856,77
2020-05-30;356,77;7.016,21;10.500,00;0,00;10.856,77
2020-05-31;356,77;7.016,21;10.500,00;0,00;10.856,77
2020-06-01;356,77;7.016,21;10.500,00;0,00;10.856,77
2020-06-02;547,04;7.213,32;10.500,00;0,00;11.047,04
2020-06-03;633,45;7.323,37;10.500,00;0,00;11.133,45
2020-06-04;563,55;7.239,91;10.500,00;0,00;11.063,55
2020-06-05;739,60;7.426,04;10.500,00;0,00;11.239,60
2020-06-06;739,60;7.426,04;10.500,00;0,00;11.239,60
2020-06-07;739,60;7.426,04;10.500,00;0,00;11.239,60
2020-06-08;724,68;7.398,16;10.500,00;0,00;11.224,68
2020-06-09;680,20;7.358,72;10.500,00;0,00;11.180,20
2020-06-10;682,62;7.358,68;10.500,00;0,00;11.182,62
2020-06-11;456,81;7.110,13;10.500,00;0,00;10.956,81
2020-06-12;504,69;7.153,09;10.500,00;0,00;11.004,69
2020-06-13;504,69;7.153,09;10.500,00;0,00;11.004,69
2020-06-14;504,69;7.153,09;10.500,00;0,00;11.004,69
2020-06-15;423,78;7.070,62;10.500,00;0,00;10.923,78
2020-06-16;646,73;7.292,73;10.500,00;0,00;11.146,73
2020-06-17;653,09;7.296,69;10.500,00;0,00;11.153,09
2020-06-18;658,04;7.286,40;10.500,00;0,00;11.158,04
2020-06-19;729,84;7.354,60;10.500,00;0,00;11.229,84
2020-06-20;729,84;7.354,60;10.500,00;0,00;11.229,84
2020-06-21;729,84;7.354,60;10.500,00;0,00;11.229,84
2020-06-22;677,26;7.297,10;10.500,00;0,00;11.177,26
2020-06-23;726,60;7.351,60;10.500,00;0,00;11.226,60
2020-06-24;586,57;7.204,25;10.500,00;0,00;11.086,57
2020-06-25;602,88;7.217,68;10.500,00;0,00;11.102,88
2020-06-26;592,37;7.199,01;10.500,00;0,00;11.092,37
2020-06-27;592,37;7.199,01;10.500,00;0,00;11.092,37
2020-06-28;592,37;7.199,01;10.500,00;0,00;11.092,37
2020-06-29;600,71;7.213,83;10.500,00;0,00;11.100,71
2020-06-30;636,35;7.248,75;10.500,00;0,00;11.136,35
2020-07-01;670,34;7.298,46;10.500,00;0,00;11.170,34
2020-07-02;800,11;7.418,99;10.500,00;0,00;11.300,11
2020-07-03;793,04;7.413,24;10.500,00;0,00;11.293,04
2020-07-04;793,04;7.413,24;10.500,00;0,00;11.293,04
2020-07-05;793,04;7.413,24;10.500,00;0,00;11.293,04
2020-07-06;919,81;7.533,77;10.500,00;0,00;11.419,81
2020-07-07;901,22;7.512,54;10.500,00;0,00;11.401,22
2020-07-08;877,30;7.483,58;10.500,00;0,00;11.377,30
2020-07-09;881,43;7.483,99;10.500,00;0,00;11.381,43
2020-07-10;905,77;7.510,01;10.500,00;0,00;11.405,77
2020-07-11;905,77;7.510,01;10.500,00;0,00;11.405,77
2020-07-12;905,77;7.510,01;10.500,00;0,00;11.405,77
2020-07-13;968,09;7.583,25;10.500,00;0,00;11.468,09
2020-07-14;844,05;7.449,25;10.500,00;0,00;11.344,05
2020-07-15;914,03;7.519,23;10.500,00;0,00;11.414,03
2020-07-16;855,26;7.462,50;10.500,00;0,00;11.355,26
2020-07-17;875,75;7.485,39;10.500,00;0,00;11.375,75
2020-07-18;875,75;7.485,39;10.500,00;0,00;11.375,75
2020-07-19;875,75;7.485,39;10.500,00;0,00;11.375,75
2020-07-20;917,40;7.520,44;10.500,00;0,00;11.417,40
2020-07-21;991,56;7.590,88;10.500,00;0,00;11.491,56
2020-07-22;905,90;7.497,78;10.500,00;0,00;11.405,90
2020-07-23;922,37;7.513,29;10.500,00;0,00;11.422,37
2020-07-24;794,61;7.391,53;10.500,00;0,00;11.294,61
2020-07-25;794,61;7.391,53;10.500,00;0,00;11.294,61
2020-07-26;794,61;7.391,53;10.500,00;0,00;11.294,61
2020-07-27;771,70;7.362,50;10.500,00;0,00;11.271,70
2020-07-28;821,23;7.412,51;10.500,00;0,00;11.321,23
2020-07-29;823,95;7.413,67;10.500,00;0,00;11.323,95
2020-07-30;739,47;7.322,59;10.500,00;0,00;11.239,47
2020-07-31;699,12;7.284,16;10.500,00;0,00;11.199,12
2020-08-01;699,12;7.284,16;10.500,00;0,00;11.199,12
2020-08-02;699,12;7.284,16;10.500,00;0,00;11.199,12
2020-08-03;853,52;7.439,04;10.500,00;0,00;11.353,52
2020-08-04;876,30;7.452,58;10.500,00;0,00;11.376,30
2020-08-05;898,78;7.482,38;10.500,00;0,00;11.398,78
2020-08-06;892,85;7.469,97;10.500,00;0,00;11.392,85
2020-08-07;905,13;7.484,29;10.500,00;0,00;11.405,13
2020-08-08;905,13;7.484,29;10.500,00;0,00;11.405,13
2020-08-09;905,13;7.484,29;10.500,00;0,00;11.405,13
2020-08-10;929,28;7.494,82;10.500,00;0,00;11.429,28
2020-08-11;974,24;7.550,10;10.500,00;0,00;11.474,24
2020-08-12;990,30;7.571,08;10.500,00;0,00;11.490,30
2020-08-13;945,66;7.538,92;10.500,00;0,00;11.445,66
2020-08-14;930,94;7.522,40;10.500,00;0,00;11.430,94
2020-08-15;930,94;7.522,40;10.500,00;0,00;11.430,94
2020-08-16;930,94;7.522,40;10.500,00;0,00;11.430,94
2020-08-17;966,79;7.552,49;10.500,00;0,00;11.466,79
2020-08-18;940,79;7.521,33;10.500,00;0,00;11.440,79
2020-08-19;975,57;7.551,67;10.500,00;0,00;11.475,57
2020-08-20;915,11;7.488,45;10.500,00;0,00;11.415,11
2020-08-21;959,29;7.532,75;10.500,00;0,00;11.459,29
2020-08-22;959,29;7.532,75;10.500,00;0,00;11.459,29
2020-08-23;959,29;7.532,75;10.500,00;0,00;11.459,29
2020-08-24;1.037,05;7.605,35;10.500,00;0,00;11.537,05
2020-08-25;1.031,93;7.621,47;10.500,00;0,00;11.531,93
2020-08-26;1.088,07;7.674,49;10.500,00;0,00;11.588,07
2020-08-27;1.087,90;7.680,20;10.500,00;0,00;11.587,90
2020-08-28;1.063,21;7.654,79;10.500,00;0,00;11.563,21
2020-08-29;1.063,21;7.654,79;10.500,00;0,00;11.563,21
2020-08-30;1.063,21;7.654,79;10.500,00;0,00;11.563,21
2020-08-31;972,23;7.569,09;10.500,00;0,00;11.472,23
2020-09-01;1.033,80;7.626,82;10.500,00;0,00;11.533,80
2020-09-02;1.138,31;7.711,17;10.500,00;0,00;11.638,31
2020-09-03;1.013,27;7.584,57;10.500,00;0,00;11.513,27
2020-09-04;922,41;7.500,55;10.500,00;0,00;11.422,41
2020-09-05;922,41;7.500,55;10.500,00;0,00;11.422,41
2020-09-06;922,41;7.500,55;10.500,00;0,00;11.422,41
2020-09-07;987,40;7.572,74;10.500,00;0,00;11.487,40
2020-09-08;895,45;7.473,71;10.500,00;0,00;11.395,45
2020-09-09;964,52;7.545,18;10.500,00;0,00;11.464,52
2020-09-10;923,95;7.509,53;10.500,00;0,00;11.423,95
2020-09-11;926,12;7.498,86;10.500,00;0,00;11.426,12
2020-09-12;926,12;7.498,86;10.500,00;0,00;11.426,12
2020-09-13;926,12;7.498,86;10.500,00;0,00;11.426,12
2020-09-14;978,27;7.548,85;10.500,00;0,00;11.478,27
2020-09-15;1.047,93;7.616,59;10.500,00;0,00;11.547,93
2020-09-16;1.091,62;7.650,90;10.500,00;0,00;11.591,62
2020-09-17;1.011,67;7.554,75;10.500,00;0,00;11.511,67
2020-09-18;979,60;7.522,20;10.500,00;0,00;11.479,60
2020-09-19;979,60;7.522,20;10.500,00;0,00;11.479,60
2020-09-20;979,60;7.522,20;10.500,00;0,00;11.479,60
2020-09-21;835,20;7.371,56;10.500,00;0,00;11.335,20
2020-09-22;881,73;7.417,01;10.500,00;0,00;11.381,73
2020-09-23;916,27;7.451,79;10.500,00;0,00;11.416,27
2020-09-24;843,37;7.381,17;10.500,00;0,00;11.343,37
2020-09-25;871,01;7.403,17;10.500,00;0,00;11.371,01
2020-09-26;871,01;7.403,17;10.500,00;0,00;11.371,01
2020-09-27;871,01;7.403,17;10.500,00;0,00;11.371,01
2020-09-28;981,51;7.512,95;10.500,00;0,00;11.481,51
2020-09-29;919,65;7.445,57;10.500,00;0,00;11.419,65
2020-09-30;967,08;7.501,28;10.500,00;0,00;11.467,08
2020-10-01;981,40;7.513,92;10.500,00;0,00;11.481,40
2020-10-02;990,15;7.514,39;10.500,00;0,00;11.490,15
2020-10-03;990,15;7.514,39;10.500,00;0,00;11.490,15
2020-10-04;990,15;7.514,39;10.500,00;0,00;11.490,15
2020-10-05;1.020,22;7.549,50;10.500,00;0,00;11.520,22
2020-10-06;1.059,02;7.589,14;10.500,00;0,00;11.559,02
2020-10-07;1.081,39;7.614,03;10.500,00;0,00;11.581,39
2020-10-08;1.143,89;7.666,45;10.500,00;0,00;11.643,89
2020-10-09;1.194,30;7.712,66;10.500,00;0,00;11.694,30
2020-10-10;1.194,30;7.712,66;10.500,00;0,00;11.694,30
2020-10-11;1.194,30;7.712,66;10.500,00;0,00;11.694,30
2020-10-12;1.261,17;7.772,33;10.500,00;0,00;11.761,17
2020-10-13;1.270,38;7.778,06;10.500,00;0,00;11.770,38
2020-10-14;1.266,88;7.771,92;10.500,00;0,00;11.766,88
2020-10-15;1.200,49;7.703,97;10.500,00;0,00;11.700,49
2020-10-16;1.260,64;7.757,52;10.500,00;0,00;11.760,64
2020-10-17;1.260,64;7.757,52;10.500,00;0,00;11.760,64
2020-10-18;1.260,64;7.757,52;10.500,00;0,00;11.760,64
2020-10-19;1.216,01;7.718,17;10.500,00;0,00;11.716,01
2020-10-20;1.175,90;7.686,34;10.500,00;0,00;11.675,90
2020-10-21;1.158,01;7.672,65;10.500,00;0,00;11.658,01
2020-10-22;1.153,94;7.674,22;10.500,00;0,00;11.653,94
2020-10-23;1.159,79;7.678,39;10.500,00;0,00;11.659,79
2020-10-24;1.159,79;7.678,39;10.500,00;0,00;11.659,79
2020-10-25;1.159,79;7.678,39;10.500,00;0,00;11.659,79
2020-10-26;1.084,56;7.598,48;10.500,00;0,00;11.584,56
2020-10-27;1.100,22;7.606,94;10.500,00;0,00;11.600,22
2020-10-28;966,42;7.474,58;10.500,00;0,00;11.466,42
2020-10-29;1.018,03;7.519,11;10.500,00;0,00;11.518,03
2020-10-30;964,26;7.472,54;10.500,00;0,00;11.464,26
2020-10-31;964,26;7.472,54;10.500,00;0,00;11.464,26
2020-11-01;964,26;7.472,54;10.500,00;0,00;11.464,26
2020-11-02;1.067,78;7.567,66;10.500,00;0,00;11.567,78
2020-11-03;1.139,99;7.639,51;10.500,00;0,00;11.639,99
2020-11-04;1.304,21;7.797,85;10.500,00;0,00;11.804,21
2020-11-05;1.350,78;7.843,70;10.500,00;0,00;11.850,78
2020-11-06;1.311,25;7.808,49;10.500,00;0,00;11.811,25
2020-11-07;1.311,25;7.808,49;10.500,00;0,00;11.811,25
2020-11-08;1.311,25;7.808,49;10.500,00;0,00;11.811,25
2020-11-09;1.503,58;8.026,74;10.500,00;0,00;12.003,58
2020-11-10;1.426,93;7.953,21;10.500,00;0,00;11.926,93
2020-11-11;1.515,41;8.034,25;10.500,00;0,00;12.015,41
2020-11-12;1.483,32;7.996,76;10.500,00;0,00;11.983,32
2020-11-13;1.480,09;7.988,13;10.500,00;0,00;11.980,09
2020-11-14;1.480,09;7.988,13;10.500,00;0,00;11.980,09
2020-11-15;1.480,09;7.988,13;10.500,00;0,00;11.980,09
2020-11-16;1.582,69;8.086,29;10.500,00;0,00;12.082,69
2020-11-17;1.555,69;8.054,25;10.500,00;0,00;12.055,69
2020-11-18;1.587,22;8.087,58;10.500,00;0,00;12.087,22
2020-11-19;1.532,42;8.029,78;10.500,00;0,00;12.032,42
2020-11-20;1.575,80;8.071,00;10.500,00;0,00;12.075,80
2020-11-21;1.575,80;8.071,00;10.500,00;0,00;12.075,80
2020-11-22;1.575,80;8.071,00;10.500,00;0,00;12.075,80
2020-11-23;1.589,68;8.087,16;10.500,00;0,00;12.089,68
2020-11-24;1.658,43;8.158,55;10.500,00;0,00;12.158,43
2020-11-25;1.637,38;8.130,96;10.500,00;0,00;12.137,38
2020-11-26;1.656,19;8.146,05;10.500,00;0,00;12.156,19
2020-11-27;1.661,79;8.151,53;10.500,00;0,00;12.161,79
2020-11-28;1.661,79;8.151,53;10.500,00;0,00;12.161,79
2020-11-29;1.661,79;8.151,53;10.500,00;0,00;12.161,79
2020-11-30;1.543,66;8.039,40;10.500,00;0,00;12.043,66
2020-12-01;1.591,31;8.098,81;10.500,00;0,00;12.091,31
2020-12-02;1.561,58;8.069,20;10.500,00;0,00;12.061,58
2020-12-03;1.568,18;8.067,28;10.500,00;0,00;12.068,18
2020-12-04;1.615,65;8.116,55;10.500,00;0,00;12.115,65
2020-12-05;1.615,65;8.116,55;10.500,00;0,00;12.115,65
2020-12-06;1.615,65;8.116,55;10.500,00;0,00;12.115,65
2020-12-07;1.631,59;8.119,17;10.500,00;0,00;12.131,59
2020-12-08;1.631,02;8.112,00;10.500,00;0,00;12.131,02
2020-12-09;1.670,44;8.151,66;10.500,00;0,00;12.170,44
2020-12-10;1.644,49;8.127,51;10.500,00;0,00;12.144,49
2020-12-11;1.635,39;8.109,53;10.500,00;0,00;12.135,39
2020-12-12;1.635,39;8.109,53;10.500,00;0,00;12.135,39
2020-12-13;1.635,39;8.109,53;10.500,00;0,00;12.135,39
2020-12-14;1.638,44;8.115,34;10.500,00;0,00;12.138,44
2020-12-15;1.639,56;8.113,82;10.500,00;0,00;12.139,56
2020-12-16;1.677,41;8.157,65;10.500,00;0,00;12.177,41
2020-12-17;1.695,55;8.174,95;10.500,00;0,00;12.195,55
2020-12-18;1.700,12;8.182,16;10.500,00;0,00;12.200,12
2020-12-19;1.700,12;8.182,16;10.500,00;0,00;12.200,12
2020-12-20;1.700,12;8.182,16;10.500,00;0,00;12.200,12
2020-12-21;1.587,20;8.067,32;10.500,00;0,00;12.087,20
2020-12-22;1.635,09;8.112,69;10.500,00;0,00;12.135,09
2020-12-23;1.675,73;8.165,21;10.500,00;0,00;12.175,73
2020-12-24;1.675,73;8.165,21;10.500,00;0,00;12.175,73
2020-12-25;1.675,73;8.165,21;10.500,00;0,00;12.175,73
2020-12-26;1.675,73;8.165,21;10.500,00;0,00;12.175,73
2020-12-27;1.675,73;8.165,21;10.500,00;0,00;12.175,73
2020-12-28;1.684,76;8.167,40;10.500,00;0,00;12.184,76
2020-12-29;1.721,90;8.202,02;10.500,00;0,00;12.221,90
2020-12-30;1.749,67;8.232,31;10.500,00;0,00;12.249,67
2020-12-31;1.749,67;8.232,31;10.500,00;0,00;12.249,67
2021-01-01;1.749,67;8.232,31;10.500,00;0,00;12.249,67
2021-01-02;1.749,67;8.232,31;10.500,00;0,00;12.249,67
2021-01-03;1.749,67;8.232,31;10.500,00;0,00;12.249,67
2021-01-04;1.789,48;8.267,80;10.500,00;0,00;12.289,48
2021-01-05;1.845,06;8.326,02;10.500,00;0,00;12.345,06
2021-01-06;1.921,06;8.410,06;10.500,00;0,00;12.421,06
2021-01-07;1.948,23;8.434,83;10.500,00;0,00;12.448,23
2021-01-08;2.055,39;8.537,79;10.500,00;0,00;12.555,39
2021-01-09;2.055,39;8.537,79;10.500,00;0,00;12.555,39
2021-01-10;2.055,39;8.537,79;10.500,00;0,00;12.555,39
2021-01-11;2.052,62;8.544,02;10.500,00;0,00;12.552,62
2021-01-12;2.079,03;8.584,23;10.500,00;0,00;12.579,03
2021-01-13;2.100,98;8.591,18;10.500,00;0,00;12.600,98
2021-01-14;2.185,45;8.677,81;10.500,00;0,00;12.685,45
2021-01-15;2.101,18;8.595,70;10.500,00;0,00;12.601,18
2021-01-16;2.101,18;8.595,70;10.500,00;0,00;12.601,18
2021-01-17;2.101,18;8.595,70;10.500,00;0,00;12.601,18
2021-01-18;2.119,58;8.619,14;10.500,00;0,00;12.619,58
2021-01-19;2.125,17;8.623,29;10.500,00;0,00;12.625,17
2021-01-20;2.230,84;8.728,84;10.500,00;0,00;12.730,84
2021-01-21;2.217,07;8.726,23;10.500,00;0,00;12.717,07
2021-01-22;2.131,26;8.641,74;10.500,00;0,00;12.631,26
2021-01-23;2.131,26;8.641,74;10.500,00;0,00;12.631,26
2021-01-24;2.131,26;8.641,74;10.500,00;0,00;12.631,26
2021-01-25;2.161,11;8.659,35;10.500,00;0,00;12.661,11
2021-01-26;2.174,07;8.675,91;10.500,00;0,00;12.674,07
2021-01-27;2.103,97;8.604,85;10.500,00;0,00;12.603,97
2021-01-28;2.074,58;8.576,42;10.500,00;0,00;12.574,58
2021-01-29;1.946,44;8.452,12;10.500,00;0,00;12.446,44
2021-01-30;1.946,44;8.452,12;10.500,00;0,00;12.446,44
2021-01-31;1.946,44;8.452,12;10.500,00;0,00;12.446,44
2021-02-01;2.052,34;8.559,22;10.500,00;0,00;12.552,34
2021-02-02;2.225,46;8.739,30;10.500,00;0,00;12.725,46
2021-02-03;2.246,66;8.759,66;10.500,00;0,00;12.746,66
2021-02-04;2.275,75;8.789,11;10.500,00;0,00;12.775,75
2021-02-05;2.328,27;8.845,23;10.500,00;0,00;12.828,27
2021-02-06;2.328,27;8.845,23;10.500,00;0,00;12.828,27
2021-02-07;2.328,27;8.845,23;10.500,00;0,00;12.828,27
2021-02-08;2.364,98;8.878,58;10.500,00;0,00;12.864,98
2021-02-09;2.366,57;8.880,41;10.500,00;0,00;12.866,57
2021-02-10;2.358,43;8.875,03;10.500,00;0,00;12.858,43
2021-02-11;2.414,69;8.925,89;10.500,00;0,00;12.914,69
2021-02-12;2.431,00;8.951,68;10.500,00;0,00;12.931,00
2021-02-13;2.431,00;8.951,68;10.500,00;0,00;12.931,00
2021-02-14;2.431,00;8.951,68;10.500,00;0,00;12.931,00
2021-02-15;2.509,01;9.040,61;10.500,00;0,00;13.009,01
2021-02-16;2.476,39;9.016,27;10.500,00;0,00;12.976,39
2021-02-17;2.471,34;9.010,74;10.500,00;0,00;12.971,34
2021-02-18;2.375,52;8.927,16;10.500,00;0,00;12.875,52
2021-02-19;2.425,26;8.980,26;10.500,00;0,00;12.925,26
2021-02-20;2.425,26;8.980,26;10.500,00;0,00;12.925,26
2021-02-21;2.425,26;8.980,26;10.500,00;0,00;12.925,26
2021-02-22;2.313,02;8.859,98;10.500,00;0,00;12.813,02
2021-02-23;2.249,41;8.805,49;10.500,00;0,00;12.749,41
2021-02-24;2.287,33;8.850,01;10.500,00;0,00;12.787,33
2021-02-25;2.211,65;8.793,29;10.500,00;0,00;12.711,65
2021-02-26;2.101,02;8.673,42;10.500,00;0,00;12.601,02
2021-02-27;2.101,02;8.673,42;10.500,00;0,00;12.601,02
2021-02-28;2.101,02;8.673,42;10.500,00;0,00;12.601,02
2021-03-01;2.301,68;8.852,00;10.500,00;0,00;12.801,68
2021-03-02;2.239,77;8.791,41;10.500,00;0,00;12.739,77
2021-03-03;2.216,10;8.781,42;10.500,00;0,00;12.716,10
2021-03-04;2.188,15;8.752,03;10.500,00;0,00;12.688,15
2021-03-05;2.121,61;8.686,57;10.500,00;0,00;12.621,61
2021-03-06;2.121,61;8.686,57;10.500,00;0,00;12.621,61
2021-03-07;2.121,61;8.686,57;10.500,00;0,00;12.621,61
2021-03-08;2.253,95;8.821,31;10.500,00;0,00;12.753,95
2021-03-09;2.304,41;8.864,21;10.500,00;0,00;12.804,41
2021-03-10;2.299,12;8.857,48;10.500,00;0,00;12.799,12
2021-03-11;2.403,55;8.950,99;10.500,00;0,00;12.903,55
2021-03-12;2.325,78;8.883,06;10.500,00;0,00;12.825,78
2021-03-13;2.325,78;8.883,06;10.500,00;0,00;12.825,78
2021-03-14;2.325,78;8.883,06;10.500,00;0,00;12.825,78
2021-03-15;2.362,16;8.912,96;10.500,00;0,00;12.862,16
2021-03-16;2.441,39;8.992,79;10.500,00;0,00;12.941,39
2021-03-17;2.360,74;8.928,10;10.500,00;0,00;12.860,74
2021-03-18;2.360,32;8.929,96;10.500,00;0,00;12.860,32
2021-03-19;2.336,47;8.901,55;10.500,00;0,00;12.836,47
2021-03-20;2.336,47;8.901,55;10.500,00;0,00;12.836,47
2021-03-21;2.336,47;8.901,55;10.500,00;0,00;12.836,47
2021-03-22;2.333,98;8.897,86;10.500,00;0,00;12.833,98
2021-03-23;2.325,11;8.879,39;10.500,00;0,00;12.825,11
2021-03-24;2.299,75;8.848,03;10.500,00;0,00;12.799,75
2021-03-25;2.264,57;8.807,33;10.500,00;0,00;12.764,57
2021-03-26;2.338,49;8.888,81;10.500,00;0,00;12.838,49
2021-03-27;2.338,49;8.888,81;10.500,00;0,00;12.838,49
2021-03-28;2.338,49;8.888,81;10.500,00;0,00;12.838,49
2021-03-29;2.363,39;8.923,79;10.500,00;0,00;12.863,39
2021-03-30;2.409,62;8.977,22;10.500,00;0,00;12.909,62
2021-03-31;2.424,67;8.988,07;10.500,00;0,00;12.924,67
2021-04-01;2.495,79;9.051,99;10.500,00;0,00;12.995,79
2021-04-02;2.495,79;9.051,99;10.500,00;0,00;12.995,79
2021-04-03;2.495,79;9.051,99;10.500,00;0,00;12.995,79
2021-04-04;2.495,79;9.051,99;10.500,00;0,00;12.995,79
2021-04-05;2.495,79;9.051,99;10.500,00;0,00;12.995,79
2021-04-06;2.529,87;9.093,27;10.500,00;0,00;13.029,87
2021-04-07;2.438,03;9.002,03;10.500,00;0,00;12.938,03
2021-04-08;2.493,16;9.051,88;10.500,00;0,00;12.993,16
2021-04-09;2.472,69;9.042,09;10.500,00;0,00;12.972,69
2021-04-10;2.472,69;9.042,09;10.500,00;0,00;12.972,69
2021-04-11;2.472,69;9.042,09;10.500,00;0,00;12.972,69
2021-04-12;2.430,93;9.003,57;10.500,00;0,00;12.930,93
2021-04-13;2.455,64;9.029,00;10.500,00;0,00;12.955,64
2021-04-14;2.488,62;9.067,98;10.500,00;0,00;12.988,62
2021-04-15;2.542,96;9.114,16;10.500,00;0,00;13.042,96
2021-04-16;2.565,22;9.141,34;10.500,00;0,00;13.065,22
2021-04-17;2.565,22;9.141,34;10.500,00;0,00;13.065,22
2021-04-18;2.565,22;9.141,34;10.500,00;0,00;13.065,22
2021-04-19;2.512,83;9.096,63;10.500,00;0,00;13.012,83
2021-04-20;2.424,01;9.003,25;10.500,00;0,00;12.924,01
2021-04-21;2.468,89;9.045,37;10.500,00;0,00;12.968,89
2021-04-22;2.524,81;9.101,89;10.500,00;0,00;13.024,81
2021-04-23;2.538,99;9.116,91;10.500,00;0,00;13.038,99
2021-04-24;2.538,99;9.116,91;10.500,00;0,00;13.038,99
2021-04-25;2.538,99;9.116,91;10.500,00;0,00;13.038,99
2021-04-26;2.559,33;9.138,81;10.500,00;0,00;13.059,33
2021-04-27;2.572,60;9.153,88;10.500,00;0,00;13.072,60
2021-04-28;2.586,50;9.172,34;10.500,00;0,00;13.086,50
2021-04-29;2.536,79;9.134,27;10.500,00;0,00;13.036,79
2021-04-30;2.532,79;9.131,23;10.500,00;0,00;13.032,79
2021-05-01;2.532,79;9.131,23;10.500,00;0,00;13.032,79
2021-05-02;2.532,79;9.131,23;10.500,00;0,00;13.032,79
2021-05-03;2.558,51;9.154,31;10.500,00;0,00;13.058,51
2021-05-04;2.477,03;9.065,87;10.500,00;0,00;12.977,03
2021-05-05;2.598,40;9.191,44;10.500,00;0,00;13.098,40
2021-05-06;2.567,44;9.162,88;10.500,00;0,00;13.067,44
2021-05-07;2.624,52;9.225,84;10.500,00;0,00;13.124,52
2021-05-08;2.624,52;9.225,84;10.500,00;0,00;13.124,52
2021-05-09;2.624,52;9.225,84;10.500,00;0,00;13.124,52
2021-05-10;2.567,96;9.167,72;10.500,00;0,00;13.067,96
2021-05-11;2.421,56;9.034,76;10.500,00;0,00;12.921,56
2021-05-12;2.424,63;9.046,11;10.500,00;0,00;12.924,63
2021-05-13;2.352,60;8.979,00;10.500,00;0,00;12.852,60
2021-05-14;2.404,37;9.031,01;10.500,00;0,00;12.904,37
2021-05-15;2.404,37;9.031,01;10.500,00;0,00;12.904,37
2021-05-16;2.404,37;9.031,01;10.500,00;0,00;12.904,37
2021-05-17;2.397,79;9.030,07;10.500,00;0,00;12.897,79
2021-05-18;2.426,00;9.057,32;10.500,00;0,00;12.926,00
2021-05-19;2.280,19;8.911,39;10.500,00;0,00;12.780,19
2021-05-20;2.367,45;8.989,77;10.500,00;0,00;12.867,45
2021-05-21;2.416,99;9.033,67;10.500,00;0,00;12.916,99
2021-05-22;2.416,99;9.033,67;10.500,00;0,00;12.916,99
2021-05-23;2.416,99;9.033,67;10.500,00;0,00;12.916,99
2021-05-24;2.416,99;9.033,67;10.500,00;0,00;12.916,99
2021-05-25;2.459,88;9.066,48;10.500,00;0,00;12.959,88
2021-05-26;2.509,65;9.104,49;10.500,00;0,00;13.009,65
2021-05-27;2.547,89;9.149,69;10.500,00;0,00;13.047,89
2021-05-28;2.605,50;9.204,78;10.500,00;0,00;13.105,50
2021-05-29;2.605,50;9.204,78;10.500,00;0,00;13.105,50
2021-05-30;2.605,50;9.204,78;10.500,00;0,00;13.105,50
2021-05-31;2.584,28;9.182,48;10.500,00;0,00;13.084,28
2021-06-01;2.633,75;9.233,51;10.500,00;0,00;13.133,75
2021-06-02;2.680,90;9.275,74;10.500,00;0,00;13.180,90
2021-06-03;2.660,80;9.258,88;10.500,00;0,00;13.160,80
2021-06-04;2.714,49;9.307,65;10.500,00;0,00;13.214,49
2021-06-05;2.714,49;9.307,65;10.500,00;0,00;13.214,49
2021-06-06;2.714,49;9.307,65;10.500,00;0,00;13.214,49
2021-06-07;2.685,94;9.283,18;10.500,00;0,00;13.185,94
2021-06-08;2.698,98;9.287,82;10.500,00;0,00;13.198,98
2021-06-09;2.707,31;9.290,15;10.500,00;0,00;13.207,31
2021-06-10;2.746,27;9.329,95;10.500,00;0,00;13.246,27
2021-06-11;2.796,22;9.371,38;10.500,00;0,00;13.296,22
2021-06-12;2.796,22;9.371,38;10.500,00;0,00;13.296,22
2021-06-13;2.796,22;9.371,38;10.500,00;0,00;13.296,22
2021-06-14;2.790,67;9.372,67;10.500,00;0,00;13.290,67
2021-06-15;2.754,26;9.339,74;10.500,00;0,00;13.254,26
2021-06-16;2.775,51;9.357,87;10.500,00;0,00;13.275,51
2021-06-17;2.783,78;9.370,94;10.500,00;0,00;13.283,78
2021-06-18;2.733,75;9.322,59;10.500,00;0,00;13.233,75
2021-06-19;2.733,75;9.322,59;10.500,00;0,00;13.233,75
2021-06-20;2.733,75;9.322,59;10.500,00;0,00;13.233,75
2021-06-21;2.738,21;9.332,45;10.500,00;0,00;13.238,21
2021-06-22;2.762,07;9.357,51;10.500,00;0,00;13.262,07
2021-06-23;2.771,03;9.365,15;10.500,00;0,00;13.271,03
2021-06-24;2.825,65;9.416,89;10.500,00;0,00;13.325,65
2021-06-25;2.840,72;9.443,36;10.500,00;0,00;13.340,72
2021-06-26;2.840,72;9.443,36;10.500,00;0,00;13.340,72
2021-06-27;2.840,72;9.443,36;10.500,00;0,00;13.340,72
2021-06-28;2.867,09;9.461,93;10.500,00;0,00;13.367,09
2021-06-29;2.895,63;9.490,83;10.500,00;0,00;13.395,63
2021-06-30;2.899,96;9.486,16;10.500,00;0,00;13.399,96
2021-07-01;2.924,70;9.509,94;10.500,00;0,00;13.424,70
2021-07-02;2.959,46;9.536,78;10.500,00;0,00;13.459,46
2021-07-03;2.959,46;9.536,78;10.500,00;0,00;13.459,46
2021-07-04;2.959,46;9.536,78;10.500,00;0,00;13.459,46
2021-07-05;2.963,65;9.545,53;10.500,00;0,00;13.463,65
2021-07-06;2.920,05;9.485,85;10.500,00;0,00;13.420,05
2021-07-07;2.924,58;9.487,86;10.500,00;0,00;13.424,58
2021-07-08;2.771,81;9.334,13;10.500,00;0,00;13.271,81
2021-07-09;2.878,13;9.445,25;10.500,00;0,00;13.378,13
2021-07-10;2.878,13;9.445,25;10.500,00;0,00;13.378,13
2021-07-11;2.878,13;9.445,25;10.500,00;0,00;13.378,13
2021-07-12;2.921,10;9.484,74;10.500,00;0,00;13.421,10
2021-07-13;2.986,45;9.547,21;10.500,00;0,00;13.486,45
2021-07-14;2.996,62;9.554,38;10.500,00;0,00;13.496,62
2021-07-15;2.968,45;9.527,77;10.500,00;0,00;13.468,45
2021-07-16;2.938,59;9.492,39;10.500,00;0,00;13.438,59
2021-07-17;2.938,59;9.492,39;10.500,00;0,00;13.438,59
2021-07-18;2.938,59;9.492,39;10.500,00;0,00;13.438,59
2021-07-19;2.747,83;9.294,19;10.500,00;0,00;13.247,83
2021-07-20;2.851,55;9.392,39;10.500,00;0,00;13.351,55
2021-07-21;2.909,92;9.456,04;10.500,00;0,00;13.409,92
2021-07-22;2.972,99;9.511,07;10.500,00;0,00;13.472,99
2021-07-23;3.003,30;9.537,66;10.500,00;0,00;13.503,30
2021-07-24;3.003,30;9.537,66;10.500,00;0,00;13.503,30
2021-07-25;3.003,30;9.537,66;10.500,00;0,00;13.503,30
2021-07-26;2.934,23;9.470,51;10.500,00;0,00;13.434,23
2021-07-27;2.826,14;9.358,94;10.500,00;0,00;13.326,14
2021-07-28;2.935,24;9.469,00;10.500,00;0,00;13.435,24
2021-07-29;2.963,28;9.496,20;10.500,00;0,00;13.463,28
2021-07-30;2.915,38;9.446,14;10.500,00;0,00;13.415,38
2021-07-31;2.915,38;9.446,14;10.500,00;0,00;13.415,38
2021-08-01;2.915,38;9.446,14;10.500,00;0,00;13.415,38
2021-08-02;2.950,66;9.473,38;10.500,00;0,00;13.450,66
2021-08-03;2.929,75;9.450,67;10.500,00;0,00;13.429,75
2021-08-04;2.997,77;9.516,89;10.500,00;0,00;13.497,77
2021-08-05;3.027,12;9.542,76;10.500,00;0,00;13.527,12
2021-08-06;3.025,32;9.549,48;10.500,00;0,00;13.525,32
2021-08-07;3.025,32;9.549,48;10.500,00;0,00;13.525,32
2021-08-08;3.025,32;9.549,48;10.500,00;0,00;13.525,32
2021-08-09;3.025,39;9.547,75;10.500,00;0,00;13.525,39
2021-08-10;3.076,49;9.596,93;10.500,00;0,00;13.576,49
2021-08-11;3.075,51;9.600,03;10.500,00;0,00;13.575,51
2021-08-12;3.063,68;9.584,72;10.500,00;0,00;13.563,68
2021-08-13;3.050,92;9.571,12;10.500,00;0,00;13.550,92
2021-08-14;3.050,92;9.571,12;10.500,00;0,00;13.550,92
2021-08-15;3.050,92;9.571,12;10.500,00;0,00;13.550,92
2021-08-16;2.993,20;9.515,20;10.500,00;0,00;13.493,20
2021-08-17;2.989,50;9.513,30;10.500,00;0,00;13.489,50
2021-08-18;2.990,84;9.509,36;10.500,00;0,00;13.490,84
2021-08-19;2.839,69;9.357,85;10.500,00;0,00;13.339,69
2021-08-20;2.874,70;9.389,74;10.500,00;0,00;13.374,70
2021-08-21;2.874,70;9.389,74;10.500,00;0,00;13.374,70
2021-08-22;2.874,70;9.389,74;10.500,00;0,00;13.374,70
2021-08-23;2.931,68;9.452,48;10.500,00;0,00;13.431,68
2021-08-24;3.031,15;9.551,11;10.500,00;0,00;13.531,15
2021-08-25;3.020,05;9.560,53;10.500,00;0,00;13.520,05
2021-08-26;2.988,92;9.530,60;10.500,00;0,00;13.488,92
2021-08-27;3.032,75;9.571,43;10.500,00;0,00;13.532,75
2021-08-28;3.032,75;9.571,43;10.500,00;0,00;13.532,75
2021-08-29;3.032,75;9.571,43;10.500,00;0,00;13.532,75
2021-08-30;3.064,03;9.597,67;10.500,00;0,00;13.564,03
2021-08-31;3.077,15;9.627,11;10.500,00;0,00;13.577,15
2021-09-01;3.098,96;9.650,12;10.500,00;0,00;13.598,96
2021-09-02;3.128,40;9.675,48;10.500,00;0,00;13.628,40
2021-09-03;3.098,38;9.651,58;10.500,00;0,00;13.598,38
2021-09-04;3.098,38;9.651,58;10.500,00;0,00;13.598,38
2021-09-05;3.098,38;9.651,58;10.500,00;0,00;13.598,38
2021-09-06;3.177,94;9.728,74;10.500,00;0,00;13.677,94
2021-09-07;3.122,42;9.686,18;10.500,00;0,00;13.622,42
2021-09-08;3.084,04;9.647,08;10.500,00;0,00;13.584,04
2021-09-09;3.110,36;9.655,88;10.500,00;0,00;13.610,36
2021-09-10;3.074,36;9.631,52;10.500,00;0,00;13.574,36
2021-09-11;3.074,36;9.631,52;10.500,00;0,00;13.574,36
2021-09-12;3.074,36;9.631,52;10.500,00;0,00;13.574,36
2021-09-13;3.084,61;9.640,33;10.500,00;0,00;13.584,61
2021-09-14;3.067,30;9.618,22;10.500,00;0,00;13.567,30
2021-09-15;3.056,63;9.615,47;10.500,00;0,00;13.556,63
2021-09-16;3.022,35;9.582,27;10.500,00;0,00;13.522,35
2021-09-17;3.004,07;9.570,11;10.500,00;0,00;13.504,07
2021-09-18;3.004,07;9.570,11;10.500,00;0,00;13.504,07
2021-09-19;3.004,07;9.570,11;10.500,00;0,00;13.504,07
2021-09-20;2.833,74;9.393,42;10.500,00;0,00;13.333,74
2021-09-21;2.846,43;9.401,19;10.500,00;0,00;13.346,43
2021-09-22;2.942,68;9.495,28;10.500,00;0,00;13.442,68
2021-09-23;3.011,83;9.581,11;10.500,00;0,00;13.511,83
2021-09-24;2.990,49;9.568,17;10.500,00;0,00;13.490,49
2021-09-25;2.990,49;9.568,17;10.500,00;0,00;13.490,49
2021-09-26;2.990,49;9.568,17;10.500,00;0,00;13.490,49
2021-09-27;3.048,27;9.626,43;10.500,00;0,00;13.548,27
2021-09-28;2.922,91;9.509,35;10.500,00;0,00;13.422,91
2021-09-29;2.974,99;9.556,63;10.500,00;0,00;13.474,99
2021-09-30;2.999,04;9.588,36;10.500,00;0,00;13.499,04
2021-10-01;2.937,53;9.519,89;10.500,00;0,00;13.437,53
2021-10-02;2.937,53;9.519,89;10.500,00;0,00;13.437,53
2021-10-03;2.937,53;9.519,89;10.500,00;0,00;13.437,53
2021-10-04;2.879,65;9.461,65;10.500,00;0,00;13.379,65
2021-10-05;3.007,72;9.597,40;10.500,00;0,00;13.507,72
2021-10-06;2.930,73;9.522,93;10.500,00;0,00;13.430,73
2021-10-07;3.095,77;9.684,25;10.500,00;0,00;13.595,77
2021-10-08;3.089,15;9.686,75;10.500,00;0,00;13.589,15
2021-10-09;3.089,15;9.686,75;10.500,00;0,00;13.589,15
2021-10-10;3.089,15;9.686,75;10.500,00;0,00;13.589,15
2021-10-11;3.099,34;9.701,02;10.500,00;0,00;13.599,34
2021-10-12;3.056,71;9.662,35;10.500,00;0,00;13.556,71
2021-10-13;3.068,31;9.664,23;10.500,00;0,00;13.568,31
2021-10-14;3.199,34;9.780,26;10.500,00;0,00;13.699,34
2021-10-15;3.279,85;9.865,93;10.500,00;0,00;13.779,85
2021-10-16;3.279,85;9.865,93;10.500,00;0,00;13.779,85
2021-10-17;3.279,85;9.865,93;10.500,00;0,00;13.779,85
2021-10-18;3.245,18;9.833,90;10.500,00;0,00;13.745,18
2021-10-19;3.270,30;9.868,50;10.500,00;0,00;13.770,30
2021-10-20;3.290,27;9.885,95;10.500,00;0,00;13.790,27
2021-10-21;3.221,00;9.820,64;10.500,00;0,00;13.721,00
2021-10-22;3.261,57;9.860,85;10.500,00;0,00;13.761,57
2021-10-23;3.261,57;9.860,85;10.500,00;0,00;13.761,57
2021-10-24;3.261,57;9.860,85;10.500,00;0,00;13.761,57
2021-10-25;3.342,18;9.937,50;10.500,00;0,00;13.842,18
2021-10-26;3.378,54;9.973,86;10.500,00;0,00;13.878,54
2021-10-27;3.337,23;9.918,15;10.500,00;0,00;13.837,23
2021-10-28;3.260,75;9.851,51;10.500,00;0,00;13.760,75
2021-10-29;3.275,64;9.879,96;10.500,00;0,00;13.775,64
2021-10-30;3.275,64;9.879,96;10.500,00;0,00;13.775,64
2021-10-31;3.275,64;9.879,96;10.500,00;0,00;13.775,64
2021-11-01;3.317,26;9.926,14;10.500,00;0,00;13.817,26
2021-11-02;3.332,53;9.923,77;10.500,00;0,00;13.832,53
2021-11-03;3.327,62;9.915,74;10.500,00;0,00;13.827,62
2021-11-04;3.397,70;9.971,06;10.500,00;0,00;13.897,70
2021-11-05;3.441,80;10.000,64;10.500,00;0,00;13.941,80
2021-11-06;3.441,80;10.000,64;10.500,00;0,00;13.941,80
2021-11-07;3.441,80;10.000,64;10.500,00;0,00;13.941,80
2021-11-08;3.427,28;9.993,80;10.500,00;0,00;13.927,28
2021-11-09;3.398,53;9.949,09;10.500,00;0,00;13.898,53
2021-11-10;3.445,59;10.013,67;10.500,00;0,00;13.945,59
2021-11-11;3.498,51;10.069,47;10.500,00;0,00;13.998,51
2021-11-12;3.551,09;10.118,21;10.500,00;0,00;14.051,09
2021-11-13;3.551,09;10.118,21;10.500,00;0,00;14.051,09
2021-11-14;3.551,09;10.118,21;10.500,00;0,00;14.051,09
2021-11-15;3.570,60;10.143,60;10.500,00;0,00;14.070,60
2021-11-16;3.661,89;10.235,49;10.500,00;0,00;14.161,89
2021-11-17;3.645,83;10.221,23;10.500,00;0,00;14.145,83
2021-11-18;3.561,11;10.123,19;10.500,00;0,00;14.061,11
2021-11-19;3.601,71;10.150,71;10.500,00;0,00;14.101,71
2021-11-20;3.601,71;10.150,71;10.500,00;0,00;14.101,71
2021-11-21;3.601,71;10.150,71;10.500,00;0,00;14.101,71
2021-11-22;3.627,79;10.190,59;10.500,00;0,00;14.127,79
2021-11-23;3.523,15;10.104,43;10.500,00;0,00;14.023,15
2021-11-24;3.594,51;10.182,51;10.500,00;0,00;14.094,51
2021-11-25;3.621,89;10.203,05;10.500,00;0,00;14.121,89
2021-11-26;3.222,59;9.782,63;10.500,00;0,00;13.722,59
2021-11-27;3.222,59;9.782,63;10.500,00;0,00;13.722,59
2021-11-28;3.222,59;9.782,63;10.500,00;0,00;13.722,59
2021-11-29;3.307,20;9.871,08;10.500,00;0,00;13.807,20
2021-11-30;3.182,85;9.738,09;10.500,00;0,00;13.682,85
2021-12-01;3.298,24;9.857,80;10.500,00;0,00;13.798,24
2021-12-02;3.196,42;9.746,74;10.500,00;0,00;13.696,42
2021-12-03;3.164,68;9.711,40;10.500,00;0,00;13.664,68
2021-12-04;3.164,68;9.711,40;10.500,00;0,00;13.664,68
2021-12-05;3.164,68;9.711,40;10.500,00;0,00;13.664,68
2021-12-06;3.223,30;9.763,66;10.500,00;0,00;13.723,30
2021-12-07;3.463,47;10.005,75;10.500,00;0,00;13.963,47
2021-12-08;3.384,13;9.946,81;10.500,00;0,00;13.884,13
2021-12-09;3.400,88;9.955,04;10.500,00;0,00;13.900,88
2021-12-10;3.357,16;9.907,24;10.500,00;0,00;13.857,16
2021-12-11;3.357,16;9.907,24;10.500,00;0,00;13.857,16
2021-12-12;3.357,16;9.907,24;10.500,00;0,00;13.857,16
2021-12-13;3.338,09;9.878,21;10.500,00;0,00;13.838,09
2021-12-14;3.259,08;9.804,00;10.500,00;0,00;13.759,08
2021-12-15;3.226,14;9.772,14;10.500,00;0,00;13.726,14
2021-12-16;3.341,69;9.896,21;10.500,00;0,00;13.841,69
2021-12-17;3.306,21;9.852,33;10.500,00;0,00;13.806,21
2021-12-18;3.306,21;9.852,33;10.500,00;0,00;13.806,21
2021-12-19;3.306,21;9.852,33;10.500,00;0,00;13.806,21
2021-12-20;3.072,11;9.624,71;10.500,00;0,00;13.572,11
2021-12-21;3.233,40;9.803,52;10.500,00;0,00;13.733,40
2021-12-22;3.297,82;9.872,62;10.500,00;0,00;13.797,82
2021-12-23;3.370,33;9.958,09;10.500,00;0,00;13.870,33
2021-12-24;3.370,33;9.958,09;10.500,00;0,00;13.870,33
2021-12-25;3.370,33;9.958,09;10.500,00;0,00;13.870,33
2021-12-26;3.370,33;9.958,09;10.500,00;0,00;13.870,33
2021-12-27;3.451,67;10.039,07;10.500,00;0,00;13.951,67
2021-12-28;3.489,01;10.075,93;10.500,00;0,00;13.989,01
2021-12-29;3.414,84;10.016,16;10.500,00;0,00;13.914,84
2021-12-30;3.429,52;10.029,40;10.500,00;0,00;13.929,52
2021-12-31;3.429,52;10.029,40;10.500,00;0,00;13.929,52
2022-01-01;3.429,52;10.029,40;10.500,00;0,00;13.929,52
2022-01-02;3.429,52;10.029,40;10.500,00;0,00;13.929,52
2022-01-03;3.447,93;10.061,73;10.500,00;0,00;13.947,93
2022-01-04;3.484,76;10.097,12;10.500,00;0,00;13.984,76
2022-01-05;3.478,43;10.094,39;10.500,00;0,00;13.978,43
2022-01-06;3.379,31;10.001,15;10.500,00;0,00;13.879,31
2022-01-07;3.327,22;9.954,70;10.500,00;0,00;13.827,22
2022-01-08;3.327,22;9.954,70;10.500,00;0,00;13.827,22
2022-01-09;3.327,22;9.954,70;10.500,00;0,00;13.827,22
2022-01-10;3.272,23;9.897,91;10.500,00;0,00;13.772,23
2022-01-11;3.406,17;10.034,25;10.500,00;0,00;13.906,17
2022-01-12;3.473,65;10.094,17;10.500,00;0,00;13.973,65
2022-01-13;3.432,62;10.047,26;10.500,00;0,00;13.932,62
2022-01-14;3.346,80;9.972,36;10.500,00;0,00;13.846,80
2022-01-15;3.346,80;9.972,36;10.500,00;0,00;13.846,80
2022-01-16;3.346,80;9.972,36;10.500,00;0,00;13.846,80
2022-01-17;3.409,56;10.039,44;10.500,00;0,00;13.909,56
2022-01-18;3.357,62;9.991,94;10.500,00;0,00;13.857,62
2022-01-19;3.363,31;9.998,35;10.500,00;0,00;13.863,31
2022-01-20;3.460,15;10.090,87;10.500,00;0,00;13.960,15
2022-01-21;3.273,71;9.898,55;10.500,00;0,00;13.773,71
2022-01-22;3.273,71;9.898,55;10.500,00;0,00;13.773,71
2022-01-23;3.273,71;9.898,55;10.500,00;0,00;13.773,71
2022-01-24;2.974,93;9.593,77;10.500,00;0,00;13.474,93
2022-01-25;3.074,80;9.699,52;10.500,00;0,00;13.574,80
2022-01-26;3.193,23;9.824,55;10.500,00;0,00;13.693,23
2022-01-27;3.232,79;9.861,71;10.500,00;0,00;13.732,79
2022-01-28;3.165,03;9.797,91;10.500,00;0,00;13.665,03
2022-01-29;3.165,03;9.797,91;10.500,00;0,00;13.665,03
2022-01-30;3.165,03;9.797,91;10.500,00;0,00;13.665,03
2022-01-31;3.290,26;9.933,82;10.500,00;0,00;13.790,26
2022-02-01;3.385,03;10.034,95;10.500,00;0,00;13.885,03
2022-02-02;3.403,81;10.051,81;10.500,00;0,00;13.903,81
2022-02-03;3.201,13;9.881,41;10.500,00;0,00;13.701,13
2022-02-04;3.100,92;9.797,88;10.500,00;0,00;13.600,92
2022-02-05;3.100,92;9.797,88;10.500,00;0,00;13.600,92
2022-02-06;3.100,92;9.797,88;10.500,00;0,00;13.600,92
2022-02-07;3.135,62;9.843,14;10.500,00;0,00;13.635,62
2022-02-08;3.146,85;9.865,77;10.500,00;0,00;13.646,85
2022-02-09;3.292,46;9.997,94;10.500,00;0,00;13.792,46
2022-02-10;3.274,30;10.000,66;10.500,00;0,00;13.774,30
2022-02-11;3.222,16;9.951,52;10.500,00;0,00;13.722,16
2022-02-12;3.222,16;9.951,52;10.500,00;0,00;13.722,16
2022-02-13;3.222,16;9.951,52;10.500,00;0,00;13.722,16
2022-02-14;3.143,59;9.875,23;10.500,00;0,00;13.643,59
2022-02-15;3.203,11;9.940,39;10.500,00;0,00;13.703,11
2022-02-16;3.247,85;9.974,45;10.500,00;0,00;13.747,85
2022-02-17;3.231,97;9.948,13;10.500,00;0,00;13.731,97
2022-02-18;3.154,84;9.869,68;10.500,00;0,00;13.654,84
2022-02-19;3.154,84;9.869,68;10.500,00;0,00;13.654,84
2022-02-20;3.154,84;9.869,68;10.500,00;0,00;13.654,84
2022-02-21;3.105,21;9.824,13;10.500,00;0,00;13.605,21
2022-02-22;3.080,61;9.804,09;10.500,00;0,00;13.580,61
2022-02-23;3.067,10;9.788,42;10.500,00;0,00;13.567,10
2022-02-24;3.002,80;9.711,52;10.500,00;0,00;13.502,80
2022-02-25;3.089,89;9.808,09;10.500,00;0,00;13.589,89
2022-02-26;3.089,89;9.808,09;10.500,00;0,00;13.589,89
2022-02-27;3.089,89;9.808,09;10.500,00;0,00;13.589,89
2022-02-28;3.166,31;9.865,67;10.500,00;0,00;13.666,31
2022-03-01;3.310,99;9.948,91;10.500,00;0,00;13.810,99
2022-03-02;3.370,89;10.038,93;10.500,00;0,00;13.870,89
2022-03-03;3.352,52;10.019,72;10.500,00;0,00;13.852,52
2022-03-04;3.367,93;10.013,05;10.500,00;0,00;13.867,93
2022-03-05;3.367,93;10.013,05;10.500,00;0,00;13.867,93
2022-03-06;3.367,93;10.013,05;10.500,00;0,00;13.867,93
2022-03-07;3.353,70;10.015,74;10.500,00;0,00;13.853,70
2022-03-08;3.241,83;9.918,75;10.500,00;0,00;13.741,83
2022-03-09;3.178,60;9.879,16;10.500,00;0,00;13.678,60
2022-03-10;3.057,58;9.786,58;10.500,00;0,00;13.557,58
2022-03-11;3.133,54;9.854,62;10.500,00;0,00;13.633,54
2022-03-12;3.133,54;9.854,62;10.500,00;0,00;13.633,54
2022-03-13;3.133,54;9.854,62;10.500,00;0,00;13.633,54
2022-03-14;2.919,31;9.667,27;10.500,00;0,00;13.419,31
2022-03-15;2.930,09;9.668,45;10.500,00;0,00;13.430,09
2022-03-16;3.146,90;9.893,18;10.500,00;0,00;13.646,90
2022-03-17;3.201,67;9.946,15;10.500,00;0,00;13.701,67
2022-03-18;3.330,88;10.068,28;10.500,00;0,00;13.830,88
2022-03-19;3.330,88;10.068,28;10.500,00;0,00;13.830,88
2022-03-20;3.330,88;10.068,28;10.500,00;0,00;13.830,88
2022-03-21;3.396,18;10.154,70;10.500,00;0,00;13.896,18
2022-03-22;3.485,02;10.251,10;10.500,00;0,00;13.985,02
2022-03-23;3.548,15;10.310,63;10.500,00;0,00;14.048,15
2022-03-24;3.544,76;10.314,56;10.500,00;0,00;14.044,76
2022-03-25;3.547,49;10.322,57;10.500,00;0,00;14.047,49
2022-03-26;3.547,49;10.322,57;10.500,00;0,00;14.047,49
2022-03-27;3.547,49;10.322,57;10.500,00;0,00;14.047,49
2022-03-28;3.508,80;10.288,80;10.500,00;0,00;14.008,80
2022-03-29;3.480,55;10.269,31;10.500,00;0,00;13.980,55
2022-03-30;3.481,78;10.276,90;10.500,00;0,00;13.981,78
2022-03-31;3.469,66;10.243,06;10.500,00;0,00;13.969,66
2022-04-01;3.484,35;10.267,23;10.500,00;0,00;13.984,35
2022-04-02;3.484,35;10.267,23;10.500,00;0,00;13.984,35
2022-04-03;3.484,35;10.267,23;10.500,00;0,00;13.984,35
2022-04-04;3.634,44;10.411,32;10.500,00;0,00;14.134,44
2022-04-05;3.623,99;10.429,43;10.500,00;0,00;14.123,99
2022-04-06;3.459,29;10.273,13;10.500,00;0,00;13.959,29
2022-04-07;3.399,67;10.219,39;10.500,00;0,00;13.899,67
2022-04-08;3.518,24;10.346,24;10.500,00;0,00;14.018,24
2022-04-09;3.518,24;10.346,24;10.500,00;0,00;14.018,24
2022-04-10;3.518,24;10.346,24;10.500,00;0,00;14.018,24
2022-04-11;3.394,77;10.238,37;10.500,00;0,00;13.894,77
2022-04-12;3.486,27;10.324,11;10.500,00;0,00;13.986,27
2022-04-13;3.502,22;10.338,98;10.500,00;0,00;14.002,22
2022-04-14;3.542,28;10.394,64;10.500,00;0,00;14.042,28
2022-04-15;3.542,28;10.394,64;10.500,00;0,00;14.042,28
2022-04-16;3.542,28;10.394,64;10.500,00;0,00;14.042,28
2022-04-17;3.542,28;10.394,64;10.500,00;0,00;14.042,28
2022-04-18;3.542,28;10.394,64;10.500,00;0,00;14.042,28
2022-04-19;3.502,05;10.366,17;10.500,00;0,00;14.002,05
2022-04-20;3.480,65;10.332,41;10.500,00;0,00;13.980,65
2022-04-21;3.459,89;10.328,45;10.500,00;0,00;13.959,89
2022-04-22;3.317,26;10.193,50;10.500,00;0,00;13.817,26
2022-04-23;3.317,26;10.193,50;10.500,00;0,00;13.817,26
2022-04-24;3.317,26;10.193,50;10.500,00;0,00;13.817,26
2022-04-25;3.134,38;9.989,50;10.500,00;0,00;13.634,38
2022-04-26;3.186,31;10.039,51;10.500,00;0,00;13.686,31
2022-04-27;3.297,38;10.152,38;10.500,00;0,00;13.797,38
2022-04-28;3.341,91;10.221,15;10.500,00;0,00;13.841,91
2022-04-29;3.408,56;10.294,16;10.500,00;0,00;13.908,56
2022-04-30;3.408,56;10.294,16;10.500,00;0,00;13.908,56
2022-05-01;3.408,56;10.294,16;10.500,00;0,00;13.908,56
2022-05-02;3.250,04;10.144,88;10.500,00;0,00;13.750,04
2022-05-03;3.350,26;10.240,90;10.500,00;0,00;13.850,26
2022-05-04;3.268,76;10.166,60;10.500,00;0,00;13.768,76
2022-05-05;3.275,90;10.189,82;10.500,00;0,00;13.775,90
2022-05-06;3.124,78;10.056,70;10.500,00;0,00;13.624,78
2022-05-07;3.124,78;10.056,70;10.500,00;0,00;13.624,78
2022-05-08;3.124,78;10.056,70;10.500,00;0,00;13.624,78
2022-05-09;2.814,54;9.739,62;10.500,00;0,00;13.314,54
2022-05-10;2.813,10;9.718,50;10.500,00;0,00;13.313,10
2022-05-11;2.945,39;9.842,51;10.500,00;0,00;13.445,39
2022-05-12;2.942,75;9.812,27;10.500,00;0,00;13.442,75
2022-05-13;3.090,32;9.977,00;10.500,00;0,00;13.590,32
2022-05-14;3.090,32;9.977,00;10.500,00;0,00;13.590,32
2022-05-15;3.090,32;9.977,00;10.500,00;0,00;13.590,32
2022-05-16;3.116,08;10.002,40;10.500,00;0,00;13.616,08
2022-05-17;3.144,04;10.051,84;10.500,00;0,00;13.644,04
2022-05-18;3.062,34;9.964,98;10.500,00;0,00;13.562,34
2022-05-19;2.941,24;9.833,44;10.500,00;0,00;13.441,24
2022-05-20;2.967,22;9.869,98;10.500,00;0,00;13.467,22
2022-05-21;2.967,22;9.869,98;10.500,00;0,00;13.467,22
2022-05-22;2.967,22;9.869,98;10.500,00;0,00;13.467,22
2022-05-23;2.970,71;9.887,51;10.500,00;0,00;13.470,71
2022-05-24;2.818,70;9.726,14;10.500,00;0,00;13.318,70
2022-05-25;2.968,46;9.873,02;10.500,00;0,00;13.468,46
2022-05-26;3.060,55;9.971,95;10.500,00;0,00;13.560,55
2022-05-27;3.175,15;10.078,39;10.500,00;0,00;13.675,15
2022-05-28;3.175,15;10.078,39;10.500,00;0,00;13.675,15
2022-05-29;3.175,15;10.078,39;10.500,00;0,00;13.675,15
2022-05-30;3.229,74;10.152,18;10.500,00;0,00;13.729,74
2022-05-31;3.195,21;10.135,17;10.500,00;0,00;13.695,21
2022-06-01;3.142,13;10.096,01;10.500,00;0,00;13.642,13
2022-06-02;3.158,72;10.127,36;10.500,00;0,00;13.658,72
2022-06-03;3.113,62;10.090,06;10.500,00;0,00;13.613,62
2022-06-04;3.113,62;10.090,06;10.500,00;0,00;13.613,62
2022-06-05;3.113,62;10.090,06;10.500,00;0,00;13.613,62
2022-06-06;3.250,57;10.236,01;10.500,00;0,00;13.750,57
2022-06-07;3.212,83;10.185,67;10.500,00;0,00;13.712,83
2022-06-08;3.230,62;10.216,42;10.500,00;0,00;13.730,62
2022-06-09;3.119,85;10.130,13;10.500,00;0,00;13.619,85
2022-06-10;2.952,37;9.983,29;10.500,00;0,00;13.452,37
2022-06-11;2.952,37;9.983,29;10.500,00;0,00;13.452,37
2022-06-12;2.952,37;9.983,29;10.500,00;0,00;13.452,37
2022-06-13;2.705,17;9.771,13;10.500,00;0,00;13.205,17
2022-06-14;2.633,75;9.724,55;10.500,00;0,00;13.133,75
2022-06-15;2.732,95;9.791,59;10.500,00;0,00;13.232,95
2022-06-16;2.472,47;9.529,79;10.500,00;0,00;12.972,47
2022-06-17;2.469,92;9.514,28;10.500,00;0,00;12.969,92
2022-06-18;2.469,92;9.514,28;10.500,00;0,00;12.969,92
2022-06-19;2.469,92;9.514,28;10.500,00;0,00;12.969,92
2022-06-20;2.436,45;9.497,73;10.500,00;0,00;12.936,45
2022-06-21;2.496,33;9.565,41;10.500,00;0,00;12.996,33
2022-06-22;2.415,61;9.454,21;10.500,00;0,00;12.915,61
2022-06-23;2.429,66;9.435,62;10.500,00;0,00;12.929,66
2022-06-24;2.555,26;9.566,98;10.500,00;0,00;13.055,26
2022-06-25;2.555,26;9.566,98;10.500,00;0,00;13.055,26
2022-06-26;2.555,26;9.566,98;10.500,00;0,00;13.055,26
2022-06-27;2.561,18;9.583,94;10.500,00;0,00;13.061,18
2022-06-28;2.601,52;9.640,72;10.500,00;0,00;13.101,52
2022-06-29;2.589,39;9.602,07;10.500,00;0,00;13.089,39
2022-06-30;2.471,35;9.462,67;10.500,00;0,00;12.971,35
2022-07-01;2.491,45;9.452,77;10.500,00;0,00;12.991,45
2022-07-02;2.491,45;9.452,77;10.500,00;0,00;12.991,45
2022-07-03;2.491,45;9.452,77;10.500,00;0,00;12.991,45
2022-07-04;2.506,45;9.494,17;10.500,00;0,00;13.006,45
2022-07-05;2.423,35;9.387,07;10.500,00;0,00;12.923,35
2022-07-06;2.535,00;9.493,68;10.500,00;0,00;13.035,00
2022-07-07;2.756,28;9.733,44;10.500,00;0,00;13.256,28
2022-07-08;2.779,17;9.764,13;10.500,00;0,00;13.279,17
2022-07-09;2.779,17;9.764,13;10.500,00;0,00;13.279,17
2022-07-10;2.779,17;9.764,13;10.500,00;0,00;13.279,17
2022-07-11;2.756,61;9.724,65;10.500,00;0,00;13.256,61
2022-07-12;2.739,54;9.683,82;10.500,00;0,00;13.239,54
2022-07-13;2.676,11;9.618,59;10.500,00;0,00;13.176,11
2022-07-14;2.554,97;9.516,53;10.500,00;0,00;13.054,97
2022-07-15;2.659,88;9.612,32;10.500,00;0,00;13.159,88
2022-07-16;2.659,88;9.612,32;10.500,00;0,00;13.159,88
2022-07-17;2.659,88;9.612,32;10.500,00;0,00;13.159,88
2022-07-18;2.761,41;9.727,65;10.500,00;0,00;13.261,41
2022-07-19;2.706,64;9.682,96;10.500,00;0,00;13.206,64
2022-07-20;2.803,52;9.776,00;10.500,00;0,00;13.303,52
2022-07-21;2.811,70;9.785,26;10.500,00;0,00;13.311,70
2022-07-22;2.897,32;9.837,04;10.500,00;0,00;13.397,32
2022-07-23;2.897,32;9.837,04;10.500,00;0,00;13.397,32
2022-07-24;2.897,32;9.837,04;10.500,00;0,00;13.397,32
2022-07-25;2.886,62;9.822,62;10.500,00;0,00;13.386,62
2022-07-26;2.984,98;9.903,34;10.500,00;0,00;13.484,98
2022-07-27;3.013,31;9.936,71;10.500,00;0,00;13.513,31
2022-07-28;3.139,54;10.037,02;10.500,00;0,00;13.639,54
2022-07-29;3.240,12;10.122,24;10.500,00;0,00;13.740,12
2022-07-30;3.240,12;10.122,24;10.500,00;0,00;13.740,12
2022-07-31;3.240,12;10.122,24;10.500,00;0,00;13.740,12
2022-08-01;3.110,34;9.976,62;10.500,00;0,00;13.610,34
2022-08-02;3.139,51;10.010,35;10.500,00;0,00;13.639,51
2022-08-03;3.151,88;10.035,68;10.500,00;0,00;13.651,88
2022-08-04;3.151,88;10.035,68;10.500,00;0,00;13.651,88
